Workbook

Sheet Saisie
A1: Type d'ouvrage | B1: Surface (m²) | C1: Hauteur (m) | D1: Longueur | E1: Plaques | F1: Isolant | G1: Rails H | H1: Lisses H | I1: Montants V | J1: Fourrures V | K1: Fourrures P | L1: Appuis | M1: Suspentes
D2: =IF(OR(A2="Cloison",A2="Cloison Double Peau",A2="Doublage Optima"),IF(AND(C2<>"",C2>0),B2/C2,0),0) | E2: =IF(A2="Cloison",B2*2,IF(A2="Cloison Double Peau",B2*4,IF(OR(A2="Doublage Optima",A2="Plafond F530"),B2,0))) | F2: =IF(OR(A2="Cloison",A2="Cloison Double Peau",A2="Doublage Optima",A2="Plafond F530"),B2,0) | G2: =IF(OR(A2="Cloison",A2="Cloison Double Peau"),D2*2,0) | H2: =IF(A2="Doublage Optima",D2*2,0) | I2: =IF(OR(A2="Cloison",A2="Cloison Double Peau"),(ROUNDUP(D2/0.6,0)+1)*C2,0) | J2: =IF(A2="Doublage Optima",(ROUNDUP(D2/0.6,0)+1)*C2,0) | K2: =IF(A2="Plafond F530",B2*3,0) | L2: =IF(A2="Doublage Optima",B2*1.5,0) | M2: =IF(A2="Plafond F530",B2*1.8,0)
D3: =IF(OR(A3="Cloison",A3="Cloison Double Peau",A3="Doublage Optima"),IF(AND(C3<>"",C3>0),B3/C3,0),0) | E3: =IF(A3="Cloison",B3*2,IF(A3="Cloison Double Peau",B3*4,IF(OR(A3="Doublage Optima",A3="Plafond F530"),B3,0))) | F3: =IF(OR(A3="Cloison",A3="Cloison Double Peau",A3="Doublage Optima",A3="Plafond F530"),B3,0) | G3: =IF(OR(A3="Cloison",A3="Cloison Double Peau"),D3*2,0) | H3: =IF(A3="Doublage Optima",D3*2,0) | I3: =IF(OR(A3="Cloison",A3="Cloison Double Peau"),(ROUNDUP(D3/0.6,0)+1)*C3,0) | J3: =IF(A3="Doublage Optima",(ROUNDUP(D3/0.6,0)+1)*C3,0) | K3: =IF(A3="Plafond F530",B3*3,0) | L3: =IF(A3="Doublage Optima",B3*1.5,0) | M3: =IF(A3="Plafond F530",B3*1.8,0)
D4: =IF(OR(A4="Cloison",A4="Cloison Double Peau",A4="Doublage Optima"),IF(AND(C4<>"",C4>0),B4/C4,0),0) | E4: =IF(A4="Cloison",B4*2,IF(A4="Cloison Double Peau",B4*4,IF(OR(A4="Doublage Optima",A4="Plafond F530"),B4,0))) | F4: =IF(OR(A4="Cloison",A4="Cloison Double Peau",A4="Doublage Optima",A4="Plafond F530"),B4,0) | G4: =IF(OR(A4="Cloison",A4="Cloison Double Peau"),D4*2,0) | H4: =IF(A4="Doublage Optima",D4*2,0) | I4: =IF(OR(A4="Cloison",A4="Cloison Double Peau"),(ROUNDUP(D4/0.6,0)+1)*C4,0) | J4: =IF(A4="Doublage Optima",(ROUNDUP(D4/0.6,0)+1)*C4,0) | K4: =IF(A4="Plafond F530",B4*3,0) | L4: =IF(A4="Doublage Optima",B4*1.5,0) | M4: =IF(A4="Plafond F530",B4*1.8,0)
D5: =IF(OR(A5="Cloison",A5="Cloison Double Peau",A5="Doublage Optima"),IF(AND(C5<>"",C5>0),B5/C5,0),0) | E5: =IF(A5="Cloison",B5*2,IF(A5="Cloison Double Peau",B5*4,IF(OR(A5="Doublage Optima",A5="Plafond F530"),B5,0))) | F5: =IF(OR(A5="Cloison",A5="Cloison Double Peau",A5="Doublage Optima",A5="Plafond F530"),B5,0) | G5: =IF(OR(A5="Cloison",A5="Cloison Double Peau"),D5*2,0) | H5: =IF(A5="Doublage Optima",D5*2,0) | I5: =IF(OR(A5="Cloison",A5="Cloison Double Peau"),(ROUNDUP(D5/0.6,0)+1)*C5,0) | J5: =IF(A5="Doublage Optima",(ROUNDUP(D5/0.6,0)+1)*C5,0) | K5: =IF(A5="Plafond F530",B5*3,0) | L5: =IF(A5="Doublage Optima",B5*1.5,0) | M5: =IF(A5="Plafond F530",B5*1.8,0)
D6: =IF(OR(A6="Cloison",A6="Cloison Double Peau",A6="Doublage Optima"),IF(AND(C6<>"",C6>0),B6/C6,0),0) | E6: =IF(A6="Cloison",B6*2,IF(A6="Cloison Double Peau",B6*4,IF(OR(A6="Doublage Optima",A6="Plafond F530"),B6,0))) | F6: =IF(OR(A6="Cloison",A6="Cloison Double Peau",A6="Doublage Optima",A6="Plafond F530"),B6,0) | G6: =IF(OR(A6="Cloison",A6="Cloison Double Peau"),D6*2,0) | H6: =IF(A6="Doublage Optima",D6*2,0) | I6: =IF(OR(A6="Cloison",A6="Cloison Double Peau"),(ROUNDUP(D6/0.6,0)+1)*C6,0) | J6: =IF(A6="Doublage Optima",(ROUNDUP(D6/0.6,0)+1)*C6,0) | K6: =IF(A6="Plafond F530",B6*3,0) | L6: =IF(A6="Doublage Optima",B6*1.5,0) | M6: =IF(A6="Plafond F530",B6*1.8,0)
D7: =IF(OR(A7="Cloison",A7="Cloison Double Peau",A7="Doublage Optima"),IF(AND(C7<>"",C7>0),B7/C7,0),0) | E7: =IF(A7="Cloison",B7*2,IF(A7="Cloison Double Peau",B7*4,IF(OR(A7="Doublage Optima",A7="Plafond F530"),B7,0))) | F7: =IF(OR(A7="Cloison",A7="Cloison Double Peau",A7="Doublage Optima",A7="Plafond F530"),B7,0) | G7: =IF(OR(A7="Cloison",A7="Cloison Double Peau"),D7*2,0) | H7: =IF(A7="Doublage Optima",D7*2,0) | I7: =IF(OR(A7="Cloison",A7="Cloison Double Peau"),(ROUNDUP(D7/0.6,0)+1)*C7,0) | J7: =IF(A7="Doublage Optima",(ROUNDUP(D7/0.6,0)+1)*C7,0) | K7: =IF(A7="Plafond F530",B7*3,0) | L7: =IF(A7="Doublage Optima",B7*1.5,0) | M7: =IF(A7="Plafond F530",B7*1.8,0)
D8: =IF(OR(A8="Cloison",A8="Cloison Double Peau",A8="Doublage Optima"),IF(AND(C8<>"",C8>0),B8/C8,0),0) | E8: =IF(A8="Cloison",B8*2,IF(A8="Cloison Double Peau",B8*4,IF(OR(A8="Doublage Optima",A8="Plafond F530"),B8,0))) | F8: =IF(OR(A8="Cloison",A8="Cloison Double Peau",A8="Doublage Optima",A8="Plafond F530"),B8,0) | G8: =IF(OR(A8="Cloison",A8="Cloison Double Peau"),D8*2,0) | H8: =IF(A8="Doublage Optima",D8*2,0) | I8: =IF(OR(A8="Cloison",A8="Cloison Double Peau"),(ROUNDUP(D8/0.6,0)+1)*C8,0) | J8: =IF(A8="Doublage Optima",(ROUNDUP(D8/0.6,0)+1)*C8,0) | K8: =IF(A8="Plafond F530",B8*3,0) | L8: =IF(A8="Doublage Optima",B8*1.5,0) | M8: =IF(A8="Plafond F530",B8*1.8,0)
D9: =IF(OR(A9="Cloison",A9="Cloison Double Peau",A9="Doublage Optima"),IF(AND(C9<>"",C9>0),B9/C9,0),0) | E9: =IF(A9="Cloison",B9*2,IF(A9="Cloison Double Peau",B9*4,IF(OR(A9="Doublage Optima",A9="Plafond F530"),B9,0))) | F9: =IF(OR(A9="Cloison",A9="Cloison Double Peau",A9="Doublage Optima",A9="Plafond F530"),B9,0) | G9: =IF(OR(A9="Cloison",A9="Cloison Double Peau"),D9*2,0) | H9: =IF(A9="Doublage Optima",D9*2,0) | I9: =IF(OR(A9="Cloison",A9="Cloison Double Peau"),(ROUNDUP(D9/0.6,0)+1)*C9,0) | J9: =IF(A9="Doublage Optima",(ROUNDUP(D9/0.6,0)+1)*C9,0) | K9: =IF(A9="Plafond F530",B9*3,0) | L9: =IF(A9="Doublage Optima",B9*1.5,0) | M9: =IF(A9="Plafond F530",B9*1.8,0)
D10: =IF(OR(A10="Cloison",A10="Cloison Double Peau",A10="Doublage Optima"),IF(AND(C10<>"",C10>0),B10/C10,0),0) | E10: =IF(A10="Cloison",B10*2,IF(A10="Cloison Double Peau",B10*4,IF(OR(A10="Doublage Optima",A10="Plafond F530"),B10,0))) | F10: =IF(OR(A10="Cloison",A10="Cloison Double Peau",A10="Doublage Optima",A10="Plafond F530"),B10,0) | G10: =IF(OR(A10="Cloison",A10="Cloison Double Peau"),D10*2,0) | H10: =IF(A10="Doublage Optima",D10*2,0) | I10: =IF(OR(A10="Cloison",A10="Cloison Double Peau"),(ROUNDUP(D10/0.6,0)+1)*C10,0) | J10: =IF(A10="Doublage Optima",(ROUNDUP(D10/0.6,0)+1)*C10,0) | K10: =IF(A10="Plafond F530",B10*3,0) | L10: =IF(A10="Doublage Optima",B10*1.5,0) | M10: =IF(A10="Plafond F530",B10*1.8,0)
D11: =IF(OR(A11="Cloison",A11="Cloison Double Peau",A11="Doublage Optima"),IF(AND(C11<>"",C11>0),B11/C11,0),0) | E11: =IF(A11="Cloison",B11*2,IF(A11="Cloison Double Peau",B11*4,IF(OR(A11="Doublage Optima",A11="Plafond F530"),B11,0))) | F11: =IF(OR(A11="Cloison",A11="Cloison Double Peau",A11="Doublage Optima",A11="Plafond F530"),B11,0) | G11: =IF(OR(A11="Cloison",A11="Cloison Double Peau"),D11*2,0) | H11: =IF(A11="Doublage Optima",D11*2,0) | I11: =IF(OR(A11="Cloison",A11="Cloison Double Peau"),(ROUNDUP(D11/0.6,0)+1)*C11,0) | J11: =IF(A11="Doublage Optima",(ROUNDUP(D11/0.6,0)+1)*C11,0) | K11: =IF(A11="Plafond F530",B11*3,0) | L11: =IF(A11="Doublage Optima",B11*1.5,0) | M11: =IF(A11="Plafond F530",B11*1.8,0)
D12: =IF(OR(A12="Cloison",A12="Cloison Double Peau",A12="Doublage Optima"),IF(AND(C12<>"",C12>0),B12/C12,0),0) | E12: =IF(A12="Cloison",B12*2,IF(A12="Cloison Double Peau",B12*4,IF(OR(A12="Doublage Optima",A12="Plafond F530"),B12,0))) | F12: =IF(OR(A12="Cloison",A12="Cloison Double Peau",A12="Doublage Optima",A12="Plafond F530"),B12,0) | G12: =IF(OR(A12="Cloison",A12="Cloison Double Peau"),D12*2,0) | H12: =IF(A12="Doublage Optima",D12*2,0) | I12: =IF(OR(A12="Cloison",A12="Cloison Double Peau"),(ROUNDUP(D12/0.6,0)+1)*C12,0) | J12: =IF(A12="Doublage Optima",(ROUNDUP(D12/0.6,0)+1)*C12,0) | K12: =IF(A12="Plafond F530",B12*3,0) | L12: =IF(A12="Doublage Optima",B12*1.5,0) | M12: =IF(A12="Plafond F530",B12*1.8,0)
D13: =IF(OR(A13="Cloison",A13="Cloison Double Peau",A13="Doublage Optima"),IF(AND(C13<>"",C13>0),B13/C13,0),0) | E13: =IF(A13="Cloison",B13*2,IF(A13="Cloison Double Peau",B13*4,IF(OR(A13="Doublage Optima",A13="Plafond F530"),B13,0))) | F13: =IF(OR(A13="Cloison",A13="Cloison Double Peau",A13="Doublage Optima",A13="Plafond F530"),B13,0) | G13: =IF(OR(A13="Cloison",A13="Cloison Double Peau"),D13*2,0) | H13: =IF(A13="Doublage Optima",D13*2,0) | I13: =IF(OR(A13="Cloison",A13="Cloison Double Peau"),(ROUNDUP(D13/0.6,0)+1)*C13,0) | J13: =IF(A13="Doublage Optima",(ROUNDUP(D13/0.6,0)+1)*C13,0) | K13: =IF(A13="Plafond F530",B13*3,0) | L13: =IF(A13="Doublage Optima",B13*1.5,0) | M13: =IF(A13="Plafond F530",B13*1.8,0)
... D21: =IF(OR(A21="Cloison",A21="Cloison Double Peau",A21="Doublage Optima"),IF(AND(C21<>"",C21>0),B21/C21,0),0) | E21: =IF(A21="Cloison",B21*2,IF(A21="Cloison Double Peau",B21*4,IF(OR(A21="Doublage Optima",A21="Plafond F530"),B21,0))) | F21: =IF(OR(A21="Cloison",A21="Cloison Double Peau",A21="Doublage Optima",A21="Plafond F530"),B21,0) | G21: =IF(OR(A21="Cloison",A21="Cloison Double Peau"),D21*2,0) | H21: =IF(A21="Doublage Optima",D21*2,0) | I21: =IF(OR(A21="Cloison",A21="Cloison Double Peau"),(ROUNDUP(D21/0.6,0)+1)*C21,0) | J21: =IF(A21="Doublage Optima",(ROUNDUP(D21/0.6,0)+1)*C21,0) | K21: =IF(A21="Plafond F530",B21*3,0) | L21: =IF(A21="Doublage Optima",B21*1.5,0) | M21: =IF(A21="Plafond F530",B21*1.8,0)

Sheet Résultats
A1: RÉCAPITULATIF DES MATÉRIAUX — ABSE
A2: Quantités calculées avec +5% de chutes inclus
A4: Matériau | B4: Quantité (+5%) | C4: Unité
A5: Plaques de plâtre | B5: =ROUND(SUM(Saisie!E2:E21)*1.05,2) | C5: m²
A6: Isolant | B6: =ROUND(SUM(Saisie!F2:F21)*1.05,2) | C6: m²
A7: Rails horizontaux | B7: =ROUND(SUM(Saisie!G2:G21)*1.05,2) | C7: ml
A8: Lisses horizontales | B8: =ROUND(SUM(Saisie!H2:H21)*1.05,2) | C8: ml
A9: Montants verticaux | B9: =ROUND(SUM(Saisie!I2:I21)*1.05,2) | C9: ml
A10: Fourrures verticales | B10: =ROUND(SUM(Saisie!J2:J21)*1.05,2) | C10: ml
A11: Fourrures plafond | B11: =ROUND(SUM(Saisie!K2:K21)*1.05,2) | C11: ml
A12: Appuis Optima | B12: =ROUND(SUM(Saisie!L2:L21)*1.05,2) | C12: unités
A13: Suspentes | B13: =ROUND(SUM(Saisie!M2:M21)*1.05,2) | C13: unités
